graph,avg_path,diameter
bc,10.042756879107843,33
cit,11.81041961116411,48
